"","diff","total_days","ring_retain_new","ring_retain_old","life_time_new","life_time_old","life_time_year"
"1",0.0211,151,"0.625690955433576,0.887597133796345,0.959605584969299,0.979673266088565,0.986964780998008,0.98951895975199,0.990677974120215,0.991116285949964",0.980050205732142,9.87968015854039,0,1
